Metric,Mean,Std
MAE,0.6887337175334326,0.0007497108652373716
RMSE,1.7207759554600355,0.0009491308371924485
R²,0.058367800248239635,0.0010387870301384757
