Metric,Mean,Std
MAE,0.6905734798055893,0.002549414769153704
RMSE,0.9277014156073843,0.003901430124977139
R²,0.0590340864532207,0.007917961433185119
