Metric,Mean,Std
MAE,0.67727993389793,0.0010257952579790575
RMSE,1.7045589307609796,0.0011807464527008324
R²,0.07603236211134119,0.001279876014447967
