Metric,Mean,Std
MAE,0.47241671505706406,0.0002354383321763933
RMSE,0.7459678222271839,0.0004612124631561745
R²,0.1329958835937858,0.0010720153879761924
