Metric,Mean,Std
MAE,0.9211278765093409,0.0014116317848729386
RMSE,1.5945115338250924,0.0018802845126073572
R²,0.1376371255539645,0.002033857086198154
