Metric,Mean,Std
MAE,1.8704876568723237,0.00241870836494104
RMSE,2.877660870939631,0.0036142530795977798
R²,0.28242643218775215,0.0018026460880487545
