Metric,Mean,Std
MAE,1.8752444689081909,0.0031220507762441912
RMSE,2.784479955692479,0.003952464922225735
R²,0.15363099093344637,0.002402272584161237
