Metric,Mean,Std
MAE,0.29480579198764123,0.0010623893782728542
RMSE,0.9747358596602517,0.0013843848404582167
R²,0.04212680936912944,0.002720492590810059
