Metric,Mean,Std
MAE,0.47398184540282573,0.0007194439726125997
RMSE,0.7087614858110975,0.0009798712375473858
R²,0.03632145374715194,0.002664170483216193
