Metric,Mean,Std
MAE,0.4760234429474331,0.0002655085202766872
RMSE,0.7002803768468554,0.00031354412669948973
R²,0.05924801921059195,0.0008425007316439797
