Metric,Mean,Std
MAE,0.8317333494986144,0.0012207579688338886
RMSE,1.2813714615249348,0.0015087093357919732
R²,0.0527127942653326,0.002231000965835582
