Metric,Mean,Std
MAE,1.8764637533488078,0.0033592363328327425
RMSE,2.899484284270788,0.00495190339411396
R²,0.2715004131794316,0.0024874386249573955
