Metric,Mean,Std
MAE,0.303481425638717,0.0015475295551667814
RMSE,0.9852602531851778,0.002087017257843044
R²,0.02132807571232794,0.00414642751293622
