Metric,Mean,Std
MAE,0.7005844946269173,0.0018191188105410778
RMSE,0.9339717491448373,0.0026330692882326396
R²,0.0462804100694234,0.005377245430177801
