Metric,Mean,Std
MAE,0.4731671158213485,0.000515154650488354
RMSE,0.7086562781496832,0.0007685415822841438
R²,0.03660823524295724,0.0020901184976345475
