Metric,Mean,Std
MAE,0.23035282191205325,0.003750671390162483
RMSE,0.5709154181107229,0.008733344242163647
R²,-0.20400190662818216,0.0368804300619786
