Metric,Mean,Std
MAE,0.4671209288812592,0.00029497296807453694
RMSE,0.7452177548840341,0.0005300759322004989
R²,0.1347384376124042,0.001230974462946617
