Metric,Mean,Std
MAE,0.7862167326564802,0.001711277803517947
RMSE,1.1718344718988947,0.002031521028684058
R²,0.1816350290874843,0.0028373326852584174
