Metric,Mean,Std
MAE,0.79840947611756,0.0012165431306987095
RMSE,1.175626520462426,0.0015526838505358124
R²,0.17633105099015625,0.002175764386432865
