Metric,Mean,Std
MAE,0.5553046707381022,0.0009929779034549156
RMSE,1.2877268201577403,0.0014938268112664574
R²,0.02082969950269353,0.002271937780338599
