Metric,Mean,Std
MAE,0.5498626155422557,0.0008447080308966775
RMSE,1.2749629823886333,0.0012054833264254592
R²,0.04014483752927862,0.00181503553313749
