Metric,Mean,Std
MAE,0.9503907275029647,0.0007881276107412494
RMSE,1.6149225577160962,0.0010652076262747522
R²,0.11541879349036495,0.0011670210286810303
