Metric,Mean,Std
MAE,0.8168154923621741,0.0008422881705823053
RMSE,1.2783668787328566,0.001096645329529599
R²,0.05715063122494079,0.0016175147648519069
