Metric,Mean,Std
MAE,0.23503286140787782,0.0013968043541785961
RMSE,0.5286423701321457,0.0021263640733596946
R²,-0.032079094267636846,0.00829797342237519
